Workbook

Sheet ActionEffectData
A1: ID | B1: comment | C1: effectType | D1: select | E1: param[] | F1: param[] | G1: comment | H1: comment
A2: 0 | B2: 通常攻撃 | C2: =VLOOKUP(D2,reference!A:B,2,FALSE) -> 0 | D2: 攻撃力依存ダメージ | E2: 100 | F2: 0 | G2: =VLOOKUP(D2,reference!A:D,3,FALSE) -> 威力% | H2: =VLOOKUP(D2,reference!A:D,4,FALSE) -> 未使用
A3: 1 | B3: HP10回復 | C3: =VLOOKUP(D3,reference!A:B,2,FALSE) -> 1 | D3: 固定値のHP回復 | E3: 10 | F3: 0 | G3: =VLOOKUP(D3,reference!A:D,3,FALSE) -> 回復量 | H3: =VLOOKUP(D3,reference!A:D,4,FALSE) -> 未使用
A4: 2 | B4: 満腹度50回復 | C4: =VLOOKUP(D4,reference!A:B,2,FALSE) -> 2 | D4: 固定値の満腹度回復 | E4: 50 | F4: 0 | G4: =VLOOKUP(D4,reference!A:D,3,FALSE) -> 回復量 | H4: =VLOOKUP(D4,reference!A:D,4,FALSE) -> 未使用
A5: 3 | B5: 満腹度100回復 | C5: =VLOOKUP(D5,reference!A:B,2,FALSE) -> 2 | D5: 固定値の満腹度回復 | E5: 100 | F5: 0 | G5: =VLOOKUP(D5,reference!A:D,3,FALSE) -> 回復量 | H5: =VLOOKUP(D5,reference!A:D,4,FALSE) -> 未使用
A6: 4 | B6: 31ダメージ | C6: =VLOOKUP(D6,reference!A:B,2,FALSE) -> 3 | D6: 固定ダメージ | E6: 31 | F6: 0 | G6: =VLOOKUP(D6,reference!A:D,3,FALSE) -> ダメージ量 | H6: =VLOOKUP(D6,reference!A:D,4,FALSE) -> 未使用
A7: 5 | B7: 50ダメージ | C7: =VLOOKUP(D7,reference!A:B,2,FALSE) -> 3 | D7: 固定ダメージ | E7: 50 | F7: 0 | G7: =VLOOKUP(D7,reference!A:D,3,FALSE) -> ダメージ量 | H7: =VLOOKUP(D7,reference!A:D,4,FALSE) -> 未使用
A8: 6 | B8: アイテムを焼く | C8: =VLOOKUP(D8,reference!A:B,2,FALSE) -> 4 | D8: アイテムを焼く | E8: 0 | F8: 0 | G8: =VLOOKUP(D8,reference!A:D,3,FALSE) -> 未使用 | H8: =VLOOKUP(D8,reference!A:D,4,FALSE) -> 未使用
A9: 7 | B9: 5ダメージ | C9: =VLOOKUP(D9,reference!A:B,2,FALSE) -> 3 | D9: 固定ダメージ | E9: 5 | F9: 0 | G9: =VLOOKUP(D9,reference!A:D,3,FALSE) -> ダメージ量 | H9: =VLOOKUP(D9,reference!A:D,4,FALSE) -> 未使用
A10: 8 | B10: アイテムを腐らせる | C10: =VLOOKUP(D10,reference!A:B,2,FALSE) -> 5 | D10: アイテムを腐らせる | E10: 0 | F10: 0 | G10: =VLOOKUP(D10,reference!A:D,3,FALSE) -> 未使用 | H10: =VLOOKUP(D10,reference!A:D,4,FALSE) -> 未使用
A11: 9 | B11: 場所替え | C11: =VLOOKUP(D11,reference!A:B,2,FALSE) -> 6 | D11: 対象と場所を入れ替える | E11: 0 | F11: 0 | G11: =VLOOKUP(D11,reference!A:D,3,FALSE) -> 未使用 | H11: =VLOOKUP(D11,reference!A:D,4,FALSE) -> 未使用
A12: 10 | B12: 25ダメージ | C12: =VLOOKUP(D12,reference!A:B,2,FALSE) -> 3 | D12: 固定ダメージ | E12: 25 | F12: 0 | G12: =VLOOKUP(D12,reference!A:D,3,FALSE) -> ダメージ量 | H12: =VLOOKUP(D12,reference!A:D,4,FALSE) -> 未使用
A13: 11 | B13: ワープ | C13: =VLOOKUP(D13,reference!A:B,2,FALSE) -> 7 | D13: ワープ | E13: 0 | F13: 0 | G13: =VLOOKUP(D13,reference!A:D,3,FALSE) -> 未使用 | H13: =VLOOKUP(D13,reference!A:D,4,FALSE) -> 未使用
A14: 12 | B14: 10マス吹き飛ばし | C14: =VLOOKUP(D14,reference!A:B,2,FALSE) -> 8 | D14: 吹き飛ばし | E14: 10 | F14: 0 | G14: =VLOOKUP(D14,reference!A:D,3,FALSE) -> マス数 | H14: =VLOOKUP(D14,reference!A:D,4,FALSE) -> 未使用

Sheet reference
A1: 攻撃力依存ダメージ | B1: 0 | C1: 威力% | D1: 未使用
A2: 固定値のHP回復 | B2: 1 | C2: 回復量 | D2: 未使用
A3: 固定値の満腹度回復 | B3: 2 | C3: 回復量 | D3: 未使用
A4: 固定ダメージ | B4: 3 | C4: ダメージ量 | D4: 未使用
A5: アイテムを焼く | B5: 4 | C5: 未使用 | D5: 未使用
A6: アイテムを腐らせる | B6: 5 | C6: 未使用 | D6: 未使用
A7: 対象と場所を入れ替える | B7: 6 | C7: 未使用 | D7: 未使用
A8: ワープ | B8: 7 | C8: 未使用 | D8: 未使用
A9: 吹き飛ばし | B9: 8 | C9: マス数 | D9: 未使用
