Workbook

Sheet ItemData
A1: ID | B1: comment | C1: nameID | D1: name | E1: category | F1: select | G1: actionID | H1: burnID | I1: lotID | J1: minValue | K1: maxValue
A2: 0 | B2: 1階にのみ落ちる | C2: =2000+A2 -> 2000 | D2: =VLOOKUP(C2,[1]Item!$A:$B,2,FALSE) -> 薬1 | E2: =VLOOKUP(F2,reference!A:B,2,FALSE) -> 0 | F2: 薬 | G2: 1 | H2: -1 | I2: -1 | J2: 2 | K2: 5
A3: 1 | C3: =2000+A3 -> 2001 | D3: =VLOOKUP(C3,[1]Item!$A:$B,2,FALSE) -> 薬2 | E3: =VLOOKUP(F3,reference!A:B,2,FALSE) -> 0 | F3: 薬 | G3: -1 | H3: -1 | I3: -1 | J3: -1 | K3: -1
A4: 100 | C4: =2000+A4 -> 2100 | D4: =VLOOKUP(C4,[1]Item!$A:$B,2,FALSE) -> 食べ物1 | E4: =VLOOKUP(F4,reference!A:B,2,FALSE) -> 1 | F4: 食べ物 | G4: 3 | H4: 101 | I4: 103 | J4: -1 | K4: -1
A5: 101 | C5: =2000+A5 -> 2101 | D5: =VLOOKUP(C5,[1]Item!$A:$B,2,FALSE) -> 焼けた食べ物 | E5: =VLOOKUP(F5,reference!A:B,2,FALSE) -> 1 | F5: 食べ物 | G5: 2 | H5: 102 | I5: -1 | J5: -1 | K5: -1
A6: 102 | C6: =2000+A6 -> 2102 | D6: =VLOOKUP(C6,[1]Item!$A:$B,2,FALSE) -> 黒こげの食べ物 | E6: =VLOOKUP(F6,reference!A:B,2,FALSE) -> 1 | F6: 食べ物 | G6: -1 | H6: -1 | I6: -1 | J6: -1 | K6: -1
A7: 103 | C7: =2000+A7 -> 2103 | D7: =VLOOKUP(C7,[1]Item!$A:$B,2,FALSE) -> 腐った食べ物 | E7: =VLOOKUP(F7,reference!A:B,2,FALSE) -> 1 | F7: 食べ物 | G7: -1 | H7: -1 | I7: -1 | J7: -1 | K7: -1
A8: 200 | C8: =2000+A8 -> 2200 | D8: =VLOOKUP(C8,[1]Item!$A:$B,2,FALSE) -> 杖1 | E8: =VLOOKUP(F8,reference!A:B,2,FALSE) -> 2 | F8: 杖 | G8: -1 | H8: -1 | I8: -1 | J8: 2 | K8: 7
A9: 300 | C9: =2000+A9 -> 2300 | D9: =VLOOKUP(C9,[1]Item!$A:$B,2,FALSE) -> 部屋31ダメ巻物 | E9: =VLOOKUP(F9,reference!A:B,2,FALSE) -> 3 | F9: 巻物 | G9: 4 | H9: -1 | I9: -1 | J9: -1 | K9: -1
A10: 301 | C10: =2000+A10 -> 2301 | D10: =VLOOKUP(C10,[1]Item!$A:$B,2,FALSE) -> 範囲50ダメ | E10: =VLOOKUP(F10,reference!A:B,2,FALSE) -> 3 | F10: 巻物 | G10: 5 | H10: -1 | I10: -1 | J10: -1 | K10: -1

Sheet reference
A1: 薬 | B1: 0
A2: 食べ物 | B2: 1
A3: 杖 | B3: 2
A4: 巻物 | B4: 3
A5: バッグ | B5: 4
A6: 飛び道具 | B6: 5
A7: 武器 | B7: 6
A8: 防具 | B8: 7
